{
  "field_boundaries_long_lat": [
    [
      6.800389,
      55.279833
    ],
    [
      6.812944,
      55.290528
    ],
    [
      6.843861,
      55.294139
    ],
    [
      6.909528,
      55.118417
    ],
    [
      6.878611,
      55.11425
    ],
    [
      6.85975,
      55.121333
    ]
  ],
  "restricted_areas_long_lat": [
    [
      [
        6.860018032,
        55.220612751
      ],
      [
        6.8636259741,
        55.219117164
      ],
      [
        6.8622432435,
        55.2166963784
      ],
      [
        6.8577869763,
        55.2166963784
      ],
      [
        6.8564078548,
        55.2191126728
      ]
    ],
    [
      [
        6.8380464783,
        55.2143249956
      ],
      [
        6.8416545478,
        55.2128294072
      ],
      [
        6.8402725915,
        55.210408619
      ],
      [
        6.8358166749,
        55.210408619
      ],
      [
        6.8358177459,
        55.2128249159
      ]
    ]
  ],
  "substations_long_lat": [
    [
      6.8547,
      55.1992
    ]
  ],
  "surface_roughness": 0.2,
  "version": "1.2"
}