{
  "version": "1.2",
  "meteo_filetype": "FINOMetMast",
  "number_direction_slots": 12,
  "number_time_slots": 1,
  "speed_distribution_data": [
    [
      {
        "direction_slot_center": 0.0,
        "probability_direction_time": 0.03958331089788461,
        "probability_speed_bins": [
          0.009068649678062937,
          0.03137752788609776,
          0.04806384329373356,
          0.07744626825065748,
          0.09766935703273782,
          0.11045615307880656,
          0.1278679604606874,
          0.1127233154983223,
          0.09594631359390587,
          0.07336537589552916,
          0.05341434660379069,
          0.04534324839031468,
          0.042078534506212024,
          0.028294186995556362,
          0.019316223814274055,
          0.011879931078262447,
          0.006801487258547202,
          0.004625011335812098,
          0.0021764759227351047,
          0.0012696109549288112,
          0.0005441189806837762,
          0.00018137299356125872,
          9.068649678062936e-05,
          0.0,
          0.0,
          0.0,
          0.0,
          0.0,
          0.0,
          0.0,
          0.0,
          0.0,
          0.0,
          0.0,
          0.0,
          0.0,
          0.0,
          0.0,
          0.0,
          0.0
        ],
        "probability_speed_weibull_scale": 8.365852888921095,
        "probability_speed_weibull_shape": 2.223447124522486,
        "time_slot_start": 0
      }
    ],
    [
      {
        "direction_slot_center": 30.0,
        "probability_direction_time": 0.03652850019922679,
        "probability_speed_bins": [
          0.008746069182389937,
          0.03626179245283019,
          0.059355345911949686,
          0.09257075471698113,
          0.11664701257861636,
          0.12028301886792453,
          0.11055424528301887,
          0.09551886792452831,
          0.07753537735849056,
          0.08480738993710692,
          0.05591588050314465,
          0.039111635220125784,
          0.041961477987421385,
          0.02564858490566038,
          0.01474056603773585,
          0.007272012578616352,
          0.006191037735849057,
          0.004323899371069182,
          0.002456761006289308,
          0.0,
          0.0,
          9.827044025157233e-05,
          0.0,
          0.0,
          0.0,
          0.0,
          0.0,
          0.0,
          0.0,
          0.0,
          0.0,
          0.0,
          0.0,
          0.0,
          0.0,
          0.0,
          0.0,
          0.0,
          0.0,
          0.0
        ],
        "probability_speed_weibull_scale": 7.987474117885831,
        "probability_speed_weibull_shape": 2.154359404759263,
        "time_slot_start": 0
      }
    ],
    [
      {
        "direction_slot_center": 60.0,
        "probability_direction_time": 0.047570330644669166,
        "probability_speed_bins": [
          0.00784787201931784,
          0.024750980984002413,
          0.04580440688198008,
          0.06798973739812858,
          0.07757319649864171,
          0.09304255961364323,
          0.09402354361605796,
          0.09175973437971627,
          0.08074252942952007,
          0.1001358285541805,
          0.09319348022939934,
          0.0651977060066405,
          0.05380319951705403,
          0.04142770902505282,
          0.02543012375490492,
          0.013130093570781768,
          0.010790824026562028,
          0.008074252942952007,
          0.0029429520072441896,
          0.0018110473890733474,
          0.000528222155146393,
          0.0,
          0.0,
          0.0,
          0.0,
          0.0,
          0.0,
          0.0,
          0.0,
          0.0,
          0.0,
          0.0,
          0.0,
          0.0,
          0.0,
          0.0,
          0.0,
          0.0,
          0.0,
          0.0
        ],
        "probability_speed_weibull_scale": 9.181817192175256,
        "probability_speed_weibull_shape": 2.3265267933125795,
        "time_slot_start": 0
      }
    ],
    [
      {
        "direction_slot_center": 90.0,
        "probability_direction_time": 0.0652997196466327,
        "probability_speed_bins": [
          0.0036831400142927823,
          0.01770106096421307,
          0.03105931504590182,
          0.04205376284976087,
          0.04920015392226926,
          0.05497223901929526,
          0.05827057336045297,
          0.07443241163212577,
          0.08245835852894288,
          0.0914738057281073,
          0.0891649716892969,
          0.0799296355340553,
          0.07481721730526085,
          0.06629652025727008,
          0.05629157275575834,
          0.037161233577043595,
          0.03408278819196306,
          0.02468253531966357,
          0.015667088120499148,
          0.006761585399373316,
          0.0037381122533120775,
          0.0020889450827332196,
          0.0020889450827332196,
          0.0011544170194052003,
          0.0006046946292122479,
          0.00016491671705788576,
          0.0,
          0.0,
          0.0,
          0.0,
          0.0,
          0.0,
          0.0,
          0.0,
          0.0,
          0.0,
          0.0,
          0.0,
          0.0,
          0.0
        ],
        "probability_speed_weibull_scale": 11.24090324671667,
        "probability_speed_weibull_shape": 2.464746297796812,
        "time_slot_start": 0
      }
    ],
    [
      {
        "direction_slot_center": 120.0,
        "probability_direction_time": 0.07515336872749723,
        "probability_speed_bins": [
          0.003439052350019106,
          0.014424914023691249,
          0.026748184944593044,
          0.03505922812380589,
          0.040647688192586934,
          0.047860145204432554,
          0.05316201757737868,
          0.06238058846006878,
          0.08043561329766909,
          0.08674054260603745,
          0.08793465800534964,
          0.0873137179977073,
          0.07298433320596102,
          0.05736530378295759,
          0.057699656094764996,
          0.05512036683225067,
          0.041220863584256785,
          0.029136415743217424,
          0.018867023309132595,
          0.016669850974398166,
          0.011559037065341995,
          0.005588460068781047,
          0.0033912877340466184,
          0.0029136415743217423,
          0.0013374092472296522,
          0.0,
          0.0,
          0.0,
          0.0,
          0.0,
          0.0,
          0.0,
          0.0,
          0.0,
          0.0,
          0.0,
          0.0,
          0.0,
          0.0,
          0.0
        ],
        "probability_speed_weibull_scale": 12.022442351070676,
        "probability_speed_weibull_shape": 2.490580878923876,
        "time_slot_start": 0
      }
    ],
    [
      {
        "direction_slot_center": 150.0,
        "probability_direction_time": 0.06115364872189735,
        "probability_speed_bins": [
          0.0041676449870861705,
          0.018607654378962196,
          0.03580652735383893,
          0.050363935196055414,
          0.0564686546137591,
          0.06051890115050481,
          0.07789387180089223,
          0.08957501760976755,
          0.09532754167644987,
          0.08200281756280817,
          0.0714956562573374,
          0.07231744540972058,
          0.06415825311105894,
          0.06204508100493074,
          0.048250763089927214,
          0.03885888706269077,
          0.03181498004226344,
          0.014792204742897394,
          0.009450575252406668,
          0.00704390702042733,
          0.0037567504108945763,
          0.0023479690068091102,
          0.0015261798544259216,
          0.0011152852782343272,
          0.0002934961258511388,
          0.0,
          0.0,
          0.0,
          0.0,
          0.0,
          0.0,
          0.0,
          0.0,
          0.0,
          0.0,
          0.0,
          0.0,
          0.0,
          0.0,
          0.0
        ],
        "probability_speed_weibull_scale": 10.677232186270315,
        "probability_speed_weibull_shape": 2.3493898466335947,