{
  "version": "1.2",
  "meteo_filetype": "FINOMetMast",
  "number_direction_slots": 12,
  "number_time_slots": 1,
  "speed_distribution_data": [
    [
      {
        "direction_slot_center": 0.0,
        "probability_direction_time": 0.06531766800561423,
        "probability_speed_bins": [
          0.003682127940206639,
          0.017696196966366234,
          0.031050780391294792,
          0.042042207078478784,
          0.04918663442514838,
          0.05495713343591998,
          0.05819960430863926,
          0.07441195867223566,
          0.08243570015387998,
          0.09155858430424269,
          0.08908551329962629,
          0.07996262914926358,
          0.07485161573972302,
          0.06633326005715542,
          0.05622114750494614,
          0.03720597933611783,
          0.03407342273027039,
          0.024675752912728072,
          0.015662783029237196,
          0.006759727412618158,
          0.003737085073642559,
          0.002088371070564959,
          0.0021433282040008795,
          0.0012090569355902396,
          0.0006045284677951198,
          0.00016487140030775995,
          0.0,
          0.0,
          0.0,
          0.0,
          0.0,
          0.0,
          0.0,
          0.0,
          0.0,
          0.0,
          0.0,
          0.0,
          0.0,
          0.0
        ],
        "probability_speed_weibull_scale": 11.243177567347464,
        "probability_speed_weibull_shape": 2.464119269460555,
        "time_slot_start": 0
      }
    ],
    [
      {
        "direction_slot_center": 30.0,
        "probability_direction_time": 0.04757750998826178,
        "probability_speed_bins": [
          0.00784668779236457,
          0.024747246114380565,
          0.04579749509582013,
          0.06797947789346612,
          0.07763693979176098,
          0.0930285196921684,
          0.0940848045872944,
          0.09167043911272069,
          0.08073034555605854,
          0.10012071827372869,
          0.09325486645540969,
          0.06518786781349027,
          0.05379508073034556,
          0.041421457673155276,
          0.02550173532518485,
          0.013128112267994568,
          0.010789195714501282,
          0.007997585634525427,
          0.0029425079221367134,
          0.0018107741059302852,
          0.0005281424475629999,
          0.0,
          0.0,
          0.0,
          0.0,
          0.0,
          0.0,
          0.0,
          0.0,
          0.0,
          0.0,
          0.0,
          0.0,
          0.0,
          0.0,
          0.0,
          0.0,
          0.0,
          0.0,
          0.0
        ],
        "probability_speed_weibull_scale": 9.181323906890091,
        "probability_speed_weibull_shape": 2.3267996213328024,
        "time_slot_start": 0
      }
    ],
    [
      {
        "direction_slot_center": 60.0,
        "probability_direction_time": 0.036524910527430475,
        "probability_speed_bins": [
          0.008746928746928747,
          0.03626535626535626,
          0.059361179361179364,
          0.09248157248157249,
          0.11665847665847666,
          0.12029484029484029,
          0.11046683046683047,
          0.09562653562653563,
          0.07754299754299754,
          0.08481572481572482,
          0.055823095823095824,
          0.039115479115479114,
          0.041965601965601965,
          0.025651105651105652,
          0.014742014742014743,
          0.007272727272727273,
          0.006191646191646191,
          0.004422604422604423,
          0.002457002457002457,
          0.0,
          0.0,
          9.828009828009828e-05,
          0.0,
          0.0,
          0.0,
          0.0,
          0.0,
          0.0,
          0.0,
          0.0,
          0.0,
          0.0,
          0.0,
          0.0,
          0.0,
          0.0,
          0.0,
          0.0,
          0.0,
          0.0
        ],
        "probability_speed_weibull_scale": 7.988732932266127,
        "probability_speed_weibull_shape": 2.1538079686215945,
        "time_slot_start": 0
      }
    ],
    [
      {
        "direction_slot_center": 90.0,
        "probability_direction_time": 0.03959407991327354,
        "probability_speed_bins": [
          0.009066183136899365,
          0.0313689936536718,
          0.04805077062556664,
          0.07751586582048957,
          0.09764279238440617,
          0.11033544877606527,
          0.12792384406165005,
          0.11269265639165911,
          0.09601087941976427,
          0.07334542157751586,
          0.05349048050770626,
          0.04533091568449683,
          0.042067089755213054,
          0.02828649138712602,
          0.019310970081595647,
          0.011876699909338168,
          0.006799637352674524,
          0.004623753399818676,
          0.0021758839528558476,
          0.001269265639165911,
          0.0005439709882139619,
          0.00018132366273798732,
          9.066183136899366e-05,
          0.0,
          0.0,
          0.0,
          0.0,
          0.0,
          0.0,
          0.0,
          0.0,
          0.0,
          0.0,
          0.0,
          0.0,
          0.0,
          0.0,
          0.0,
          0.0,
          0.0
        ],
        "probability_speed_weibull_scale": 8.36604977272207,
        "probability_speed_weibull_shape": 2.2236555346306512,
        "time_slot_start": 0
      }
    ],
    [
      {
        "direction_slot_center": 120.0,
        "probability_direction_time": 0.0984646973727192,
        "probability_speed_bins": [
          0.0037185563251913964,
          0.01760845789281808,
          0.027743346700692673,
          0.04221655122129056,
          0.05767407947502734,
          0.07830842143638352,
          0.08501640539555232,
          0.09238060517681371,
          0.08982865475756471,
          0.08005833029529712,
          0.07896463725847612,
          0.07572001458257382,
          0.07068902661319723,
          0.05763762304046664,
          0.042289464090411955,
          0.03131607728764127,
          0.02048851622311338,
          0.013379511483776887,
          0.010681735326285089,
          0.007983959168793292,
          0.004411228581844695,
          0.0025884068538096975,
          0.0026613197229310975,
          0.002296755377324098,
          0.001968647466277798,
          0.0012759752096244987,
          0.0005103900838497995,
          0.00032810791104629966,
          0.0001093693036820999,
          0.0001093693036820999,
          3.645643456069996e-05,
          0.0,
          0.0,
          0.0,
          0.0,
          0.0,
          0.0,
          0.0,
          0.0,
          0.0
        ],
        "probability_speed_weibull_scale": 10.672601667455217,
        "probability_speed_weibull_shape": 2.3128774191674433,
        "time_slot_start": 0
      }
    ],
    [
      {
        "direction_slot_center": 150.0,
        "probability_direction_time": 0.12494570621408084,