{
  "field_boundaries_long_lat": [
    [
      7.166389,
      55.228056
    ],
    [
      7.17,
      55.235
    ],
    [
      7.201111,
      55.230556
    ],
    [
      7.208889,
      55.222778
    ],
    [
      7.246944,
      55.074167
    ],
    [
      7.240833,
      55.066944
    ],
    [
      7.177778,
      55.063333
    ],
    [
      7.170833,
      55.071111
    ],
    [
      7.168056,
      55.159722
    ],
    [
      7.184167,
      55.161111
    ]
  ],
  "restricted_areas_long_lat": [
    [
      [
        7.1742169536,
        55.08795463
      ],
      [
        7.177817599,
        55.0864590103
      ],
      [
        7.1764396015,
        55.0840381716
      ],
      [
        7.171993541,
        55.0840381716
      ],
      [
        7.1706160158,
        55.0864545189
      ]
    ],
    [
      [
        7.1992822509,
        55.1265801154
      ],
      [
        7.2028851498,
        55.1272493222
      ],
      [
        7.2015056936,
        55.1248284999
      ],
      [
        7.1970565417,
        55.122663682
      ],
      [
        7.1956791084,
        55.1250800139
      ]
    ]
  ],
  "substations_long_lat": [
    [
      7.23445,
      55.1215
    ]
  ],
  "surface_roughness": 0.2,
  "version": "1.2"
}