{
  "field_boundaries_long_lat": [
    [
      7.802472,
      55.466889
    ],
    [
      7.887583,
      55.467639
    ],
    [
      7.878919,
      55.5055
    ],
    [
      7.793833,
      55.504833
    ]
  ],
  "restricted_areas_long_lat": [
    [
      [
        7.81194444,
        55.49555556
      ],
      [
        7.86388889,
        55.49611111
      ],
      [
        7.86888889,
        55.47722222
      ],
      [
        7.81722222,
        55.47583333
      ]
    ]
  ],
  "substations_long_lat": [
    [
      7.878919,
      55.5055
    ]
  ],
  "surface_roughness": 0.2,
  "version": "1.2"
}