{
  "version": "1.2",
    "name":"Vestas V80-2MW",
    "cut_in_speed" : 4,
    "cut_out_speed" : 25,
    "hub_height" : 70,
    "rotor_diameter" : 80,
    "ct_table": [
      0,
      0,
      0,
      0,
      0.81799999999999995,
      0.80600000000000005,
      0.80400000000000005,
      0.80500000000000005,
      0.80600000000000005,
      0.80700000000000005,
      0.79300000000000004,
      0.73899999999999999,
      0.70899999999999996,
      0.40899999999999997,
      0.314,
      0.249,
      0.20200000000000001,
      0.16700000000000001,
      0.14000000000000001,
      0.11899999999999999,
      0.10199999999999999,
      0.087999999999999995,
      0.076999999999999999,
      0.067000000000000004,
      0.059999999999999998,
      0.053,
      0,
      0,
      0,
      0,
      0,
      0,
      0,
      0,
      0,
      0,
      0,
      0,
      0,
      0
    ],
    "power_table": [
      0,
      0,
      0,
      0,
      0.066599999999999993,
      0.154,
      0.28199999999999997,
      0.46000000000000002,
      0.69599999999999995,
      0.996,
      1.341,
      1.661,
      1.8660000000000001,
      1.958,
      1.988,
      1.9970000000000001,
      1.9990000000000001,
      2,
      2,
      2,
      2,
      2,
      2,
      2,
      2,
      2,
      0,
      0,
      0,
      0,
      0,
      0,
      0,
      0,
      0,
      0,
      0,
      0,
      0,
      0
    ]
  }
  