{
  "field_boundaries_long_lat": [
    [
      7.5343,
      55.741333
    ],
    [
      7.566567,
      55.68525
    ],
    [
      7.691533,
      55.627333
    ],
    [
      7.787667,
      55.6864
    ],
    [
      7.748883,
      55.686983
    ],
    [
      7.692567,
      55.7305
    ],
    [
      7.696683,
      55.747317
    ]
  ],
  "restricted_areas_long_lat": [],
  "substations_long_lat": [
    [
      0.0,
      0.0
    ],
    [
      0.0,
      0.0
    ]
  ],
  "surface_roughness": 0.2,
  "version": "1.2"
}